"Start Time","End Time","First Name","Last Name","Phone","Email","Type","Calendar","Appointment Price","Paid?","Amount Paid Online","Certificate Code","Notes","Date Scheduled","Label","Scheduled By","Canceled","Appointment ID"
"September 5, 2019 4:00 pm","September 5, 2019 7:00 pm","To","Sa","4845509311","tommysalerno.info@gmail.com","Session 1","Sophie Paolizzi","0.00","no","0.00","","S1 Session with Nate and Sophie, will also  have Begonia run session 2.","2019-09-04","","bherbert@berkeley.edu","","313910916"
"September 5, 2019 6:00 pm","September 5, 2019 8:00 pm","To","Sa","4845509311","tommysalerno.info@gmail.com","Session 2 (Daniel and Begonia)","Begonia Herbert-Ramirez","0.00","no","0.00","","","2019-09-04","","bherbert@berkeley.edu","","314074377"
"September 6, 2019 1:30 pm","September 6, 2019 3:30 pm","Et","Ko","8143604025","ethanbkol2@gmail.com","Session 2 (Daniel and Begonia)","Begonia Herbert-Ramirez","0.00","no","0.00","","","2019-09-03","","bherbert@berkeley.edu","","313761741"
"September 9, 2019 10:00 am","September 9, 2019 1:00 pm","Ra","Ni","8148529758","rfn5089@psu.edu","Session 1","Daniel Parr","0.00","no","0.00","","","2019-09-05","","a client","","314244849"
"September 10, 2019 11:00 am","September 10, 2019 12:30 pm","Ha","Br","8148806916","15haleyabrown@gmail.com","Session 1 Follow Up (1.5 hours)","Alison S.","0.00","no","0.00","","","2019-09-07","","bherbert@berkeley.edu","","314748951"
"September 10, 2019 12:30 pm","September 10, 2019 2:00 pm","Av","Ev","7172625017","aie5097@psu.edu","Session 1 Follow Up (1.5 hours)","Sophie Paolizzi","0.00","no","0.00","","","2019-09-04","","bherbert@berkeley.edu","","313990695"
"September 10, 2019 12:30 pm","September 10, 2019 2:30 pm","Ha","Br","8148806916","15haleyabrown@gmail.com","Session 2 (Daniel and Begonia)","Begonia Herbert-Ramirez","0.00","no","0.00","","","2019-09-07","","bherbert@berkeley.edu","","314767106"
"September 10, 2019 4:00 pm","September 10, 2019 7:00 pm","As","Ul","5202569586","aeu5032@psu.edu","Session 1","Sophie Paolizzi","0.00","no","0.00","","","2019-09-09","","a client","no-show","315140117"
"September 11, 2019 11:00 am","September 11, 2019 2:00 pm","Ty","Du","4125136784","tcd5156@psu.edu","Session 1","Begonia Herbert-Ramirez","0.00","no","0.00","","","2019-09-10","","a client","","315597689"
"September 11, 2019 3:00 pm","September 11, 2019 5:00 pm","Ky","Sn","","","Session 2 (Daniel and Begonia)","Daniel Parr","0.00","no","0.00","","","2019-09-04","","a client","canceled","313923680"
"September 12, 2019 8:00 am","September 12, 2019 9:30 am","Ki","Vi","4126253576","kev5131@psu.edu","Session 1 Follow Up (1.5 hours)","Alison S.","0.00","no","0.00","","","2019-09-05","","a client","","314216622"
"September 12, 2019 12:00 pm","September 12, 2019 2:00 pm","Am","Za","3013106934","zankoam@verizon.net","Session 2 (Daniel and Begonia)","Daniel Parr","0.00","no","0.00","","","2019-09-04","","a client","","314029613"
"September 12, 2019 4:00 pm","September 12, 2019 7:00 pm","Ky","Se","9177144776","kylaisewell6@gmail.com","Session 1","Nate Hall","0.00","no","0.00","","","2019-09-10","","a client","","315582238"
"September 12, 2019 5:30 pm","September 12, 2019 7:00 pm","Ky","Sn","","","Session 1 Follow Up (1.5 hours)","Alison S.","0.00","no","0.00","","","2019-09-04","","bherbert@berkeley.edu","","313986183"
"September 13, 2019 9:00 am","September 13, 2019 11:00 am","Ca","St","2676151897","cbs5493@psu.edu","Session 2 (Daniel and Begonia)","","0.00","no","0.00","","","2019-09-04","","a client","canceled","314023189"
"September 16, 2019 10:00 am","September 16, 2019 12:00 pm","Ra","Ni","8148529758","rfn5089@psu.edu","Session 2 (Daniel and Begonia)","Daniel Parr","0.00","no","0.00","","","2019-09-11","","dpp5430@psu.edu","","315897764"
"September 16, 2019 5:00 pm","September 16, 2019 8:00 pm","Vi","Go","9782886092","vbg5066@psu.edu","Session 1","Nate Hall","0.00","no","0.00","","","2019-09-05","","a client","","314298758"
"September 17, 2019 8:30 am","September 17, 2019 9:00 am","Je","Ro","8145538161","jessicamroussey@gmail.com","Session 1 Follow Up (30 minutes)","Nate Hall","0.00","no","0.00","","507","2019-09-12","","bherbert@berkeley.edu","","316080897"
"September 17, 2019 9:00 am","September 17, 2019 10:30 am","Ty","Du","4125136784","tcd5156@psu.edu","Session 1 Follow Up (1.5 hours)","Begonia Herbert-Ramirez","0.00","no","0.00","","","2019-09-11","","a client","no-show","315852648"
"September 17, 2019 9:00 am","September 17, 2019 11:00 am","Je","Ro","8145538161","jessicamroussey@gmail.com","Session 2 (Daniel and Begonia)","Daniel Parr","0.00","no","0.00","","","2019-09-12","","bherbert@berkeley.edu","","316080526"
"September 17, 2019 4:00 pm","September 17, 2019 6:00 pm","Av","Ev","7172625017","aie5097@psu.edu","Session 2 (Daniel and Begonia)","","0.00","no","0.00","","","2019-09-13","","bherbert@berkeley.edu","canceled","316508221"
"September 17, 2019 6:00 pm","September 17, 2019 6:30 pm","Av","Ev","7172625017","aie5097@psu.edu","Session 1 Follow Up (30 minutes)","Sophie Paolizzi","0.00","no","0.00","","","2019-09-13","","bherbert@berkeley.edu","canceled","316508446"
"September 18, 2019 5:30 pm","September 18, 2019 6:00 pm","Ky","Sn","","","Session 1 Follow Up (30 minutes)","Daniel Parr","0.00","no","0.00","","","2019-09-18","","bherbert@berkeley.edu","","317735732"
"September 19, 2019 11:00 am","September 19, 2019 2:00 pm","Aa","Wy","7173989340","apw5356@psu.edu","Session 1","Daniel Parr","0.00","no","0.00","","","2019-09-11","","a client","","315920944"
"September 19, 2019 11:00 am","September 19, 2019 2:00 pm","J","AS","4848090919","jsa5304@psu.edu","Session 1","Begonia Herbert-Ramirez","0.00","no","0.00","","","2019-09-17","","a client","","317331355"
"September 19, 2019 4:00 pm","September 19, 2019 7:00 pm","Ty","Du","4125136784","tcd5156@psu.edu","Session 1","Nate Hall","0.00","no","0.00","","","2019-09-11","","a client","canceled","315776332"
"September 19, 2019 5:30 pm","September 19, 2019 6:00 pm","Ky","Sn","","","Session 1 Follow Up (30 minutes)","Daniel Parr","0.00","no","0.00","","","2019-09-18","","bherbert@berkeley.edu","","317736220"
"September 19, 2019 6:00 pm","September 19, 2019 8:00 pm","Ky","Sn","","","Session 2 (Daniel and Begonia)","Daniel Parr","0.00","no","0.00","","","2019-09-18","","bherbert@berkeley.edu","","317736388"
"September 20, 2019 8:00 am","September 20, 2019 10:00 am","Ki","Vi","4126253576","kev5131@psu.edu","Session 2 (Daniel and Begonia)","Begonia Herbert-Ramirez","0.00","no","0.00","","","2019-09-13","","bherbert@berkeley.edu","","316492398"
"September 20, 2019 2:00 pm","September 20, 2019 5:00 pm","Ch","Zh","9179741232","cbz5089@psu.edu","Session 1","Daniel Parr","0.00","no","0.00","","","2019-09-17","","a client","","317504124"
"September 24, 2019 10:00 am","September 24, 2019 1:00 pm","Ch","Zh","9179741232","cbz5089@psu.edu","Session 1","Daniel Parr","0.00","no","0.00","","","2019-09-17","","a client","","317361322"
"September 24, 2019 11:00 am","September 24, 2019 2:00 pm","Sh","Su","8145718533","sks68@psu.edu","Session 1","Alison S.","0.00","no","0.00","","","2019-09-17","","a client","","317353516"
"September 25, 2019 11:30 am","September 25, 2019 2:30 pm","St","Ne","9785012265","sun54@psu.edu","Session 1","Begonia Herbert-Ramirez","0.00","no","0.00","","","2019-09-22","","a client","canceled","318609808"
"September 25, 2019 2:00 pm","September 25, 2019 5:00 pm","Va","Ta","4844015032","VKT5039@psu.edu","Session 1","Begonia Herbert-Ramirez","0.00","no","0.00","","","2019-09-17","","a client","","317362551"
"September 26, 2019 10:30 am","September 26, 2019 11:00 am","Vi","Go","9782886092","vbg5066@psu.edu","Session 1 Follow Up (30 minutes)","Nate Hall","0.00","no","0.00","","","2019-09-16","","nate.hall329@gmail.com","","317155429"
"September 26, 2019 11:00 am","September 26, 2019 1:00 pm","Vi","Go","9782886092","vbg5066@psu.edu","Session 2 (Daniel and Begonia)","Begonia Herbert-Ramirez","0.00","no","0.00","","","2019-09-16","","nate.hall329@gmail.com","","317155197"
"September 26, 2019 11:00 am","September 26, 2019 2:00 pm","Sh","Su","8145718533","sks68@psu.edu","Session 1 Follow Up (3 hours)","Alison S.","0.00","no","0.00","","","2019-09-24","","almasc526@gmail.com","","319147265"
"September 26, 2019 12:30 pm","September 26, 2019 2:00 pm","Aa","Wy","7173989340","apw5356@psu.edu","Session 1 Follow Up (1.5 hours)","Daniel Parr","0.00","no","0.00","","","2019-09-19","","dpp5430@psu.edu","","317950631"
"September 26, 2019 4:00 pm","September 26, 2019 7:00 pm","St","Ne","9785012265","sun54@psu.edu","Session 1","Sophie Paolizzi","0.00","no","0.00","","","2019-09-22","","a client","canceled","318611337"
"September 27, 2019 10:00 am","September 27, 2019 12:00 pm","Ca","St","2676151897","cbs5493@psu.edu","Session 2 (Daniel and Begonia)","Begonia Herbert-Ramirez","0.00","no","0.00","","","2019-09-13","","a client","","316386048"
"September 30, 2019 10:00 am","September 30, 2019 12:00 pm","Va","Ta","4844015032","VKT5039@psu.edu","Session 2 (Daniel and Begonia)","Begonia Herbert-Ramirez","0.00","no","0.00","","","2019-09-25","","bherbert@berkeley.edu","","319557995"
"September 30, 2019 12:00 pm","September 30, 2019 3:00 pm","Im","Mu","2674244778","ikm5070@psu.edu","Session 1","Daniel Parr","0.00","no","0.00","","","2019-09-11","","a client","","315996431"
"September 30, 2019 12:00 pm","September 30, 2019 12:30 pm","Va","Ta","4844015032","VKT5039@psu.edu","Session 1 Follow Up (30 minutes)","Begonia Herbert-Ramirez","0.00","no","0.00","","","2019-09-25","","bherbert@berkeley.edu","","319558394"
"October 1, 2019 9:00 am","October 1, 2019 12:00 pm","La","Wi","7328560626","lmw58@psu.edu","Session 3","Daniel Parr","0.00","no","0.00","","Alison and Nate available ","2019-09-25","","a client","canceled","319457894"
"October 1, 2019 10:30 am","October 1, 2019 1:30 pm","Ce","Ph","'+19739432788","celinaphillips24@gmail.com","Session 1","Begonia Herbert-Ramirez","0.00","no","0.00","","","2019-09-18","","a client","","317771679"
"October 2, 2019 11:00 am","October 2, 2019 2:00 pm","Am","Za","3013106934","zankoam@verizon.net","Session 3","Begonia Herbert-Ramirez","0.00","no","0.00","","","2019-09-25","","a client","no-show","319459415"
"October 2, 2019 12:30 pm","October 2, 2019 1:00 pm","Av","Ev","7172625017","aie5097@psu.edu","Session 1 Follow Up (30 minutes)","Sophie Paolizzi","0.00","no","0.00","","","2019-09-24","","dpp5430@psu.edu","","319212152"
"October 2, 2019 1:00 pm","October 2, 2019 3:00 pm","Av","Ev","7172625017","aie5097@psu.edu","Session 2 (Daniel and Begonia)","Daniel Parr","0.00","no","0.00","","","2019-09-27","","dpp5430@psu.edu","","320143742"
"October 2, 2019 2:00 pm","October 2, 2019 5:00 pm","El","Ke","8145740193","ewk4@psu.edu","Session 1","Begonia Herbert-Ramirez","0.00","no","0.00","","","2019-09-18","","a client","","317752535"
"October 2, 2019 3:00 pm","October 2, 2019 4:30 pm","Im","Mu","2674244778","ikm5070@psu.edu","Session 1 Follow Up (1.5 hours)","Daniel Parr","0.00","no","0.00","","","2019-09-30","","dpp5430@psu.edu","canceled","320733909"
"October 3, 2019 11:00 am","October 3, 2019 2:00 pm","J","AS","4848090919","jsa5304@psu.edu","Session 1 Follow Up (3 hours)","Begonia Herbert-Ramirez","0.00","no","0.00","","","2019-09-19","","bherbert@berkeley.edu","no-show","317960735"
"October 3, 2019 11:00 am","October 3, 2019 1:00 pm","Sh","Su","8145718533","sks68@psu.edu","Session 2 (Daniel and Begonia)","Daniel Parr","0.00","no","0.00","","","2019-09-26","","a client","","319772186"
"October 3, 2019 4:00 pm","October 3, 2019 7:00 pm","Ca","Ob","5708773120","callieob1998@gmail.com","Session 1","Sophie Paolizzi","0.00","no","0.00","","","2019-09-10","","a client","","315651843"
"October 3, 2019 4:00 pm","October 3, 2019 7:00 pm","Ky","Se","9177144776","kylaisewell6@gmail.com","Session 1 Follow Up (3 hours)","Nate Hall","0.00","no","0.00","","","2019-09-13","","a client","","316496471"
"October 3, 2019 6:00 pm","October 3, 2019 9:00 pm","La","Wi","7328560626","lmw58@psu.edu","Session 3","Daniel Parr","0.00","no","0.00","","","2019-10-01","","bherbert@berkeley.edu","","321072161"
"October 4, 2019 1:30 pm","October 4, 2019 3:30 pm","Chr","Zh","6462509698","christopherzhang88@gmail.com","Session 2 (Daniel and Begonia)","Daniel Parr","0.00","no","0.00","","","2019-09-20","","dpp5430@psu.edu","","318295009"
"October 4, 2019 1:45 pm","October 4, 2019 4:45 pm","Al","Ha","7076076147","amh678@psu.edu","Session 1","Sophie Paolizzi","0.00","no","0.00","","","2019-10-01","","bherbert@berkeley.edu","","321073142"
"October 7, 2019 12:00 pm","October 7, 2019 3:00 pm","A","P","5708983924","arp5625@psu.edu","Session 1","Begonia Herbert-Ramirez","0.00","no","0.00","","","2019-10-03","","a client","canceled","321659314"
"October 8, 2019 9:00 am","October 8, 2019 12:00 pm","Ce","Ph","9739432788","celinaphilips24@gmail.com","Session 1 Follow Up (3 hours)","Begonia Herbert-Ramirez","0.00","no","0.00","","","2019-10-01","","a client","","320996598"
"October 8, 2019 10:00 am","October 8, 2019 11:30 am","Ch","Zh","9179741232","cbz5089@psu.edu","Session 1 Follow Up (1.5 hours)","Daniel Parr","0.00","no","0.00","","","2019-09-24","","dpp5430@psu.edu","","319135584"
"October 8, 2019 11:30 am","October 8, 2019 2:30 pm","Vi","Go","9782886092","vbg5066@psu.edu","Session 3","Daniel Parr","0.00","no","0.00","","","2019-09-26","","a client","","319758329"
"October 8, 2019 5:30 pm","October 8, 2019 7:30 pm","Test","Test","","","Session 2 (Marissa)","","0.00","no","0.00","","","2019-10-08","","dependpsu@gmail.com","canceled","322869554"
"October 8, 2019 6:00 pm","October 8, 2019 9:00 pm","La","Wi","7328560626","lmw58@psu.edu","Session 3","Daniel Parr","0.00","no","0.00","","","2019-10-03","","bherbert@berkeley.edu","","321696538"
"October 9, 2019 11:30 am","October 9, 2019 2:30 pm","Ha","St","8147778451","hes5249@psu.edu","Session 3","Begonia Herbert-Ramirez","0.00","no","0.00","","","2019-09-25","","a client","","319588842"
"October 9, 2019 1:15 pm","October 9, 2019 2:45 pm","Ch","Zh","9179741232","cbz5089@psu.edu","Session 1 Follow Up (1.5 hours)","Daniel Parr","0.00","no","0.00","","","2019-10-08","","dpp5430@psu.edu","","322740145"
"October 9, 2019 2:30 pm","October 9, 2019 3:00 pm","El","Ke","8145740193","ewk4@psu.edu","Session 1 Follow Up (30 minutes)","Begonia Herbert-Ramirez","0.00","no","0.00","","","2019-10-02","","dpp5430@psu.edu","","321400070"
"October 9, 2019 3:00 pm","October 9, 2019 4:30 pm","Im","Mu","2674244778","ikm5070@psu.edu","Session 1 Follow Up (1.5 hours)","Daniel Parr","0.00","no","0.00","","","2019-10-01","","dpp5430@psu.edu","","320909095"
"October 9, 2019 3:00 pm","October 9, 2019 5:00 pm","Eli","Kel","8145740193","ewk4@psu.edu","Session 2 (Daniel and Begonia)","Begonia Herbert-Ramirez","0.00","no","0.00","","","2019-10-02","","dpp5430@psu.edu","","321400681"
"October 10, 2019 12:00 pm","October 10, 2019 2:00 pm","Aa","Wy","7173989340","apw5356@psu.edu","Session 2 (Daniel and Begonia)","Daniel Parr","0.00","no","0.00","","","2019-09-26","","dpp5430@psu.edu","","319774042"
"October 11, 2019 11:00 am","October 11, 2019 2:00 pm","S","N","9785012265","stacyn97@gmail.com","Session 1","Begonia Herbert-Ramirez","0.00","no","0.00","","","2019-10-07","","a client","","322393425"
"October 11, 2019 1:00 pm","October 11, 2019 4:00 pm","A","P","5708983924","arp5625@psu.edu","Session 1","Daniel Parr","0.00","no","0.00","","","2019-10-03","","a client","canceled","321661122"
"October 11, 2019 2:00 pm","October 11, 2019 5:00 pm","Al","Ha","7076076147","amh678@psu.edu","Session 1 Follow Up (3 hours)","Sophie Paolizzi","0.00","no","0.00","","Hello,

After review I expect to continue our interview this Friday (10/11) at 2:00PM. Please let me or the study coordinators know if this time no longer works and we can look to reschedule! I can also be available Tuesday/Thursday evenings (5:30-8:30), if that is more convenient for you. 

Best,
Sophie","2019-10-06","","sophiepaolizzi@gmail.com","","322224629"
"October 14, 2019 12:00 pm","October 14, 2019 1:30 pm","Ce","Ph","9739432788","celinaphillips24@gmail.com","Session 1 Follow Up (1.5 hours)","Begonia Herbert-Ramirez","0.00","no","0.00","","","2019-10-08","","a client","","322759935"
"October 14, 2019 5:00 pm","October 14, 2019 8:00 pm","A","Smith","7174049367","ajs7140@psu.edu","Session 1","Nate Hall","0.00","no","0.00","","","2019-10-08","","a client","","322821907"
"October 15, 2019 10:00 am","October 15, 2019 12:00 pm","Omoto","Te","Test","test@gmai.com","Session 2 (Daniel and Begonia)","Daniel Parr","0.00","no","0.00","","","2019-10-08","","a client","canceled","322857720"
"October 15, 2019 4:00 pm","October 15, 2019 7:00 pm","M","A","8148265095","mja6074@psu.edu","Session 1","Sophie Paolizzi","0.00","no","0.00","","","2019-10-03","","a client","","321574955"
"October 15, 2019 5:30 pm","October 15, 2019 6:00 pm","Omoto","Te","Test","bherbert@psu.edu","SONA Study 1","Undergrad RAs","0.00","no","0.00","","","2019-10-08","","a client","canceled","322866280"
"October 16, 2019 9:00 am","October 16, 2019 12:00 pm","Em","St","5407794441","eds5327@psu.edu","Session 1","Begonia Herbert-Ramirez","0.00","no","0.00","","","2019-10-11","","a client","","323669051"
"October 16, 2019 12:00 pm","October 16, 2019 2:00 pm","Kyla","Sewell","'+19177144776","kylaisewell6@gmail.com","Session 2 (Austin)","Daniel Parr","0.00","no","0.00","","","2019-10-08","","a client","canceled","322812217"
"October 16, 2019 1:00 pm","October 16, 2019 3:00 pm","TEST","TEST","415029904343","dependpsu@gmail.com","Session 2 (Daniel and Begonia)","Daniel Parr","0.00","no","0.00","","","2019-10-08","","a client","canceled","322857091"
"October 16, 2019 3:30 pm","October 16, 2019 5:00 pm","Im","Mu","2674244778","ikm5070@psu.edu","Session 1 Follow Up (1.5 hours)","Daniel Parr","0.00","no","0.00","","","2019-10-09","","dpp5430@psu.edu","","323179111"
"October 16, 2019 4:00 pm","October 16, 2019 7:00 pm","S","R","7406375290","skr5403@psu.edu","Session 1","Alison S.","0.00","no","0.00","","","2019-09-30","","a client","","320786205"
"October 16, 2019 5:00 pm","October 16, 2019 7:00 pm","Ce","Ph","9739432788","celinaphillips24@gmail.com","Session 2 (Marissa)","Undergrad RAs","0.00","no","0.00","","","2019-10-14","","a client","","324259669"
"October 17, 2019 10:30 am","October 17, 2019 12:30 pm","Ch","Zh","9179741232","cbz5089@psu.edu","Session 2 (Austin)","Undergrad RAs","0.00","no","0.00","","","2019-10-09","","dpp5430@psu.edu","","323136611"
"October 17, 2019 4:00 pm","October 17, 2019 7:00 pm","De","Ji","6106036353","dxj5177@psu.edu","Session 1","Sophie Paolizzi","0.00","no","0.00","","","2019-10-14","","a client","canceled","324283642"
"October 18, 2019 1:30 pm","October 18, 2019 3:30 pm","Ca","Ob","5708773120","callieob1998@gmail.com","Session 2 (Daniel and Begonia)","Daniel Parr","0.00","no","0.00","","","2019-10-08","","a client","","322780249"
"October 21, 2019 1:00 pm","October 21, 2019 3:00 pm","Al","Ha","7176076147","amh678@psu.edu","Session 2 (Daniel and Begonia)","Daniel Parr","0.00","no","0.00","","","2019-10-11","","a client","","323743203"
"October 22, 2019 10:30 am","October 22, 2019 12:00 pm","Vi","Go","9782886092","vbg5066@psu.edu","Session 3 Follow-Up  (1.5 Hours)","Begonia Herbert-Ramirez","0.00","no","0.00","","","2019-10-15","","a client","","324651537"
"October 22, 2019 11:00 am","October 22, 2019 2:00 pm","Ka","Ri","7244178908","klr5771@psu.edu","Session 1","Alison S.","0.00","no","0.00","","","2019-10-16","","a client","","324909568"
"October 22, 2019 5:00 pm","October 22, 2019 6:30 pm","M","A","8148265095","mja6074@psu.edu","Session 1 Follow Up (1.5 hours)","Sophie Paolizzi","0.00","no","0.00","","","2019-10-15","","a client","","324680005"
"October 23, 2019 10:30 am","October 23, 2019 11:00 am","Im","Mu","2674244778","ikm5070@psu.edu","Session 1 Follow Up (30 minutes)","Daniel Parr","0.00","no","0.00","","","2019-10-18","","dpp5430@psu.edu","","325465025"
"October 23, 2019 11:00 am","October 23, 2019 1:00 pm","Im","Mu","2674244778","ikm5070@psu.edu","Session 2 (Austin)","Undergrad RAs","0.00","no","0.00","","","2019-10-18","","dpp5430@psu.edu","","325464871"
"October 23, 2019 12:00 pm","October 23, 2019 1:30 pm","H","S","8147778451","hes5249@psu.edu","Session 3 Follow-Up  (1.5 Hours)","Begonia Herbert-Ramirez","0.00","no","0.00","","","2019-10-15","","a client","","324565907"
"October 23, 2019 4:00 pm","October 23, 2019 7:00 pm","Ro","Be","7248149670","rjb6220@psu.edu","Session 1","Begonia Herbert-Ramirez","0.00","no","0.00","","","2019-10-14","","a client","","324250100"
"October 24, 2019 8:00 am","October 24, 2019 11:00 am","Al","Bu","5706403101","adakotaburke@gmail.com","Session 1","Daniel Parr","0.00","no","0.00","","","2019-10-23","","a client","","326663720"
"October 24, 2019 2:00 pm","October 24, 2019 4:00 pm","M","A","8148265095","mja6074@psu.edu","Session 2 (Mia)","Undergrad RAs","0.00","no","0.00","","","2019-10-22","","a client","","326517084"
"October 24, 2019 4:00 pm","October 24, 2019 7:00 pm","De","Ji","6106036353","dxj5177@psu.edu","Session 1","Sophie Paolizzi","0.00","no","0.00","","","2019-10-17","","a client","","325328973"
"October 24, 2019 5:00 pm","October 24, 2019 7:00 pm","Em","St","5407794441","eds5327@psu.edu","Session 2 (Grace)","Undergrad RAs","0.00","no","0.00","","","2019-10-16","","a client","","324838407"
"October 24, 2019 6:00 pm","October 24, 2019 7:30 pm","La","Wi","7328560626","lmw58@psu.edu","Session 3 Follow-Up  (1.5 Hours)","Daniel Parr","0.00","no","0.00","","","2019-10-18","","dpp5430@psu.edu","canceled","325462484"
"October 25, 2019 11:00 am","October 25, 2019 12:30 pm","Sta","Nel","9785012265","sun54@psu.edu","Session 1 Follow Up (1.5 hours)","Begonia Herbert-Ramirez","0.00","no","0.00","","","2019-10-11","","bherbert@berkeley.edu","","323714127"
"October 28, 2019 9:00 am","October 28, 2019 11:00 am","Ce","Ph","9739432788","celinaphillips24@gmail.com","Session 2 (Chloe)","Undergrad RAs","0.00","no","0.00","","","2019-10-21","","a client","","325950509"
"October 28, 2019 10:00 am","October 28, 2019 1:00 pm","Co","Cr","8144417766","cjcrable@gmail.com","Session 1","Begonia Herbert-Ramirez","0.00","no","0.00","","","2019-10-24","","a client","","327037121"
"October 28, 2019 11:30 am","October 28, 2019 1:00 pm","H","S","8147778451","hes5249@psu.edu","Session 3 Follow-Up  (1.5 Hours)","Daniel Parr","0.00","no","0.00","","","2019-10-23","","a client","","326815046"
"October 29, 2019 11:00 am","October 29, 2019 2:00 pm","S","R","7406375290","skr5403@psu.edu","Session 1","Alison S.","0.00","no","0.00","","","2019-10-16","","almasc526@gmail.com","","324987951"
"October 29, 2019 11:30 am","October 29, 2019 2:30 pm","Amy","Zankowski","3013106934","zankoam@verizon.net","Session 3","Begonia Herbert-Ramirez","0.00","no","0.00","","","2019-10-02","","a client","","321439535"
"October 29, 2019 2:00 pm","October 29, 2019 4:00 pm","Ai","Sm","7177624965","aiden.s.98@gmail.com","Session 2 (Mia)","Undergrad RAs","0.00","no","0.00","","","2019-10-16","","a client","canceled","325033837"
"October 30, 2019 11:00 am","October 30, 2019 2:00 pm","Mo","Fa","5702463220","mbf5454@psu.edu","Session 1","Daniel Parr","0.00","no","0.00","","","2019-10-23","","a client","canceled","326755610"
"October 30, 2019 2:30 pm","October 30, 2019 3:00 pm","Ch","Zh","9179741232","cbz5089@psu.edu","Session 1 Follow Up (30 minutes)","Daniel Parr","0.00","no","0.00","","","2019-10-17","","dpp5430@psu.edu","canceled","325131032"
"October 30, 2019 5:00 pm","October 30, 2019 7:00 pm","Ca","Ob","5708773120","callieob1998@gmail.com","Session 2 (Marissa)","Undergrad RAs","0.00","no","0.00","","","2019-10-22","","a client","","326532406"
"October 31, 2019 11:30 am","October 31, 2019 2:30 pm","Sa","Ol","5714227212","solimpo@pennstatehealth.psu.edu","Session 1","Begonia Herbert-Ramirez","0.00","no","0.00","","","2019-10-23","","a client","canceled","326679754"
"October 31, 2019 12:00 pm","October 31, 2019 1:30 pm","Am","Za","3013106934","zankoam@verizon.net","Session 3 Follow-Up  (1.5 Hours)","Begonia Herbert-Ramirez","0.00","no","0.00","","","2019-10-29","","a client","","328231706"
"November 1, 2019 10:30 am","November 1, 2019 11:00 am","Co","Cr","8144417766","cjcrable@gmail.com","Session 1 Follow Up (30 minutes)","Begonia Herbert-Ramirez","0.00","no","0.00","","","2019-10-28","","bherbert@berkeley.edu","canceled","327866057"
"November 4, 2019 9:00 am","November 4, 2019 11:00 am","St","Ne","9785012265","sun54@psu.edu","Session 2 (Chloe)","Undergrad RAs","0.00","no","0.00","","","2019-10-25","","a client","","327287166"
"November 5, 2019 11:00 am","November 5, 2019 2:00 pm","Al","Wa","8145742854","avw5447@psu.edu","Session 1","Daniel Parr","0.00","no","0.00","","","2019-10-27","","a client","","327726269"
"November 5, 2019 11:00 am","November 5, 2019 2:00 pm","Al","Ro","6107623143","ajr5809@psu.edu","Session 1","Alison S.","0.00","no","0.00","","","2019-11-01","","a client","","329175099"
"November 5, 2019 5:00 pm","November 5, 2019 8:00 pm","Co","Cu","5703364488","cpc5659@psu.edu","Session 1","Sophie Paolizzi","0.00","no","0.00","","","2019-10-28","","bherbert@berkeley.edu","","327907528"
"November 6, 2019 9:00 am","November 6, 2019 12:00 pm","Je","Ro","8145538161","jessicamroussey@gmail.com","Session 3","Begonia Herbert-Ramirez","0.00","no","0.00","","","2019-10-22","","a client","","326544473"
"November 6, 2019 5:00 pm","November 6, 2019 7:00 pm","Ro","Be","7248149670","rjb6220@psu.edu","Session 2 (Marissa)","Undergrad RAs","0.00","no","0.00","","","2019-10-23","","a client","","326827676"
"November 7, 2019 8:30 am","November 7, 2019 11:30 am","Al","Ro","6107623143","ajr5809@psu.edu","Session 1","Alison S.","0.00","no","0.00","","","2019-11-05","","almasc526@gmail.com","","330067089"
"November 8, 2019 10:30 am","November 8, 2019 11:00 am","Co","Cr","8144417766","cjcrable@gmail.com","Session 1 Follow Up (30 minutes)","Begonia Herbert-Ramirez","0.00","no","0.00","","","2019-10-28","","bherbert@berkeley.edu","","327866470"
"November 8, 2019 11:00 am","November 8, 2019 1:00 pm","Co","Cr","8144417766","cjcrable@gmail.com","Session 2 (Austin)","Undergrad RAs","0.00","no","0.00","","","2019-10-28","","a client","","327865066"
"November 8, 2019 2:00 pm","November 8, 2019 5:00 pm","Er","Ba","4842253458","emb26@pct.edu","Session 1","Daniel Parr","0.00","no","0.00","","","2019-10-25","","a client","","327240508"
"November 8, 2019 2:00 pm","November 8, 2019 5:00 pm","Ji","Yu","9542539003","jvy5366@psu.edu","Session 1","Begonia Herbert-Ramirez","0.00","no","0.00","","","2019-10-30","","a client","","328496720"
"November 11, 2019 10:00 am","November 11, 2019 1:00 pm","St","Mi","8149332433","scm5402@psu.edu","Session 1","Begonia Herbert-Ramirez","0.00","no","0.00","","","2019-11-02","","a client","","329308752"
"November 12, 2019 9:00 am","November 12, 2019 12:00 pm","Al","Wa","8145742854","avw5447@psu.edu","Session 1","Daniel Parr","0.00","no","0.00","","","2019-11-05","","dpp5430@psu.edu","","330099230"
"November 12, 2019 4:45 pm","November 12, 2019 6:15 pm","La","Wi","7328560626","lmw58@psu.edu","Session 3 Follow-Up  (1.5 Hours)","Daniel Parr","0.00","no","0.00","","","2019-11-07","","bherbert@berkeley.edu","","330642806"
"November 13, 2019 9:00 am","November 13, 2019 10:30 am","JE","Ro","8145538161","jessicamroussey@gmail.com","Session 3 Follow-Up  (1.5 Hours)","Daniel Parr","0.00","no","0.00","","","2019-11-06","","a client","","330362649"
"November 13, 2019 9:30 am","November 13, 2019 12:30 pm","Ju","Ev","5139265772","jbe5189@psu.edu","Session 1","Begonia Herbert-Ramirez","0.00","no","0.00","","","2019-11-04","","a client","","329655744"
"November 13, 2019 12:30 pm","November 13, 2019 3:30 pm","Ni","Re","8149317768","nar5235@psu.edu","Session 1","Daniel Parr","0.00","no","0.00","","","2019-11-01","","a client","","329214716"
"November 13, 2019 12:30 pm","November 13, 2019 3:30 pm","Da","Ac","2673749572","davidacker3@gmail.com","Session 1","Sophie Paolizzi","0.00","no","0.00","","","2019-11-04","","a client","","329877905"
"November 13, 2019 4:00 pm","November 13, 2019 7:00 pm","To","Le","2155390025","tjl5310@psu.edu","Session 1","Alison S.","0.00","no","0.00","","","2019-11-06","","a client","","330327639"
"November 14, 2019 2:00 pm","November 14, 2019 4:00 pm","Co","Cu","5703364488","cpc5659@psu.edu","Session 2 (Mia)","Undergrad RAs","0.00","no","0.00","","","2019-11-05","","a client","","330174306"
"November 14, 2019 5:00 pm","November 14, 2019 8:00 pm","Er","Se","7175622610","ems6051@psu.edu","Session 1","Nate Hall","0.00","no","0.00","","","2019-11-02","","a client","","329340082"
"November 15, 2019 12:00 pm","November 15, 2019 2:00 pm","Ka","Ri","7244178908","klr5771@psu.edu","Session 2 (Marissa)","Undergrad RAs","0.00","no","0.00","","","2019-11-06","","a client","","330394825"
"November 15, 2019 2:30 pm","November 15, 2019 4:00 pm","Er","Ba","4842253458","emb26@pct.edu","Session 1 Follow Up (1.5 hours)","Daniel Parr","0.00","no","0.00","","","2019-11-11","","dpp5430@psu.edu","","331672367"
"November 18, 2019 11:00 am","November 18, 2019 2:00 pm","Ab","Ke","8147777154","aek160@gmail.com","Session 1","Begonia Herbert-Ramirez","0.00","no","0.00","","","2019-11-08","","a client","","331031807"
"November 18, 2019 11:00 am","November 18, 2019 1:00 pm","Ji","YU","9542539003","jvy5366@psu.edu","Session 2 (Austin)","Undergrad RAs","0.00","no","0.00","","","2019-11-08","","a client","canceled","331074712"
"November 18, 2019 5:00 pm","November 18, 2019 7:00 pm","DE","JI","6106036353","dxj5177@psu.edu","Session 2 (Marissa)","Undergrad RAs","0.00","no","0.00","","","2019-10-24","","a client","","327127826"
"November 19, 2019 10:30 am","November 19, 2019 1:30 pm","Th","Sa","4845509311","tommysalerno.info@gmail.com","Session 3","Begonia Herbert-Ramirez","0.00","no","0.00","","","2019-11-11","","a client","no-show","331651430"
"November 19, 2019 11:00 am","November 19, 2019 2:00 pm","Da","Si","7174216389","dvs5910@psu.edu","Session 1","Alison S.","0.00","no","0.00","","","2019-11-10","","a client","","331430256"
"November 19, 2019 12:30 pm","November 19, 2019 2:00 pm","Ni","Re","8149317768","nar5235@psu.edu","Session 1 Follow Up (1.5 hours)","Daniel Parr","0.00","no","0.00","","","2019-11-13","","dpp5430@psu.edu","","332339285"
"November 19, 2019 4:00 pm","November 19, 2019 7:00 pm","Mi","Mo","7322130286","mjm8091@psu.edu","Session 1","Sophie Paolizzi","0.00","no","0.00","","","2019-11-08","","a client","","331048607"
"November 20, 2019 10:30 am","November 20, 2019 1:30 pm","Av","Ev","7172625017","aie5097@psu.edu","Session 3","Begonia Herbert-Ramirez","0.00","no","0.00","","","2019-11-04","","a client","canceled","329777446"
"November 20, 2019 12:00 pm","November 20, 2019 3:00 pm","Da","Ac","2673749572","davidacker3@gmail.com","Session 1 Follow Up (3 hours)","Sophie Paolizzi","0.00","no","0.00","","","2019-11-13","","a client","","332339267"
"November 20, 2019 1:30 pm","November 20, 2019 4:30 pm","Me","Bo","9083000519","mbokach1@gmail.com","Session 1","Begonia Herbert-Ramirez","0.00","no","0.00","","","2019-11-10","","a client","canceled","331406409"
"November 21, 2019 10:30 am","November 21, 2019 1:30 pm","Aa","Wy","7173989340","apw5356@psu.edu","Session 3","Daniel Parr","0.00","no","0.00","","","2019-11-13","","a client","","332214498"
"November 21, 2019 11:00 am","November 21, 2019 1:00 pm","Da","Si","7174216389","dvs5910@psu.edu","Session 2 (Austin)","Undergrad RAs","0.00","no","0.00","","","2019-11-19","","a client","","333851009"
"November 21, 2019 2:00 pm","November 21, 2019 4:00 pm","To","Le","2155390025","tjl5310@psu.edu","Session 2 (Mia)","Undergrad RAs","0.00","no","0.00","","","2019-11-13","","a client","","332400613"
"November 21, 2019 4:00 pm","November 21, 2019 7:00 pm","Ch","Hu","6788230630","ckh5420@psu.edu","Session 1","Sophie Paolizzi","0.00","no","0.00","","","2019-11-10","","a client","","331432374"
"November 21, 2019 5:00 pm","November 21, 2019 8:00 pm","Ma","Bi","6107197779","mjb7286@psu.edu","Session 1","Nate Hall","0.00","no","0.00","","","2019-11-06","","a client","","330365459"
"November 21, 2019 5:30 pm","November 21, 2019 8:30 pm","Ky","Sn","7173719399","ksnyder@fandm.edu","Session 3","Begonia Herbert-Ramirez","0.00","no","0.00","","","2019-11-11","","bherbert@berkeley.edu","","331787511"
"November 22, 2019 8:00 am","November 22, 2019 10:00 am","Ni","Re","8149317768","nar5235@psu.edu","Session 2 (Mia)","Undergrad RAs","0.00","no","0.00","","","2019-11-20","","a client","","334071612"
"November 22, 2019 11:30 am","November 22, 2019 2:30 pm","Ab","Co","4849474438","14cosgrovea@gmail.com","Session 1","Daniel Parr","0.00","no","0.00","","","2019-11-08","","a client","","331034248"
"November 22, 2019 2:30 pm","November 22, 2019 4:00 pm","Er","Ba","4842253458","emb26@pct.edu","Session 1 Follow Up (1.5 hours)","Daniel Parr","0.00","no","0.00","","","2019-11-11","","dpp5430@psu.edu","canceled","331671029"
"November 25, 2019 11:00 am","November 25, 2019 2:00 pm","KA","OT","8144412223","kao5316@psu.edu","Session 1","Daniel Parr","0.00","no","0.00","","","2019-11-12","","dpp5430@psu.edu","","331888699"
"November 26, 2019 9:00 am","November 26, 2019 12:00 pm","Er","Se","7175622610","ems6051@psu.edu","Session 1","Daniel Parr","0.00","no","0.00","","","2019-11-14","","a client","","332692595"
"November 26, 2019 4:00 pm","November 26, 2019 7:00 pm","Er","Se","7175622610","ems6051@psu.edu","Session 1","Nate Hall","0.00","no","0.00","","","2019-11-17","","a client","canceled","333248637"
"November 28, 2019 9:30 am","November 28, 2019 12:30 pm","KA","OT","8144412223","kao5316@gmail.com","Session 1","Daniel Parr","0.00","no","0.00","","","2019-11-06","","a client","canceled","330356383"
"November 29, 2019 1:00 pm","November 29, 2019 4:00 pm","Ma","Bi","'+15707651818","mbbilger8@gmail.com","Session 1","Daniel Parr","0.00","no","0.00","","","2019-11-06","","a client","canceled","330487154"
"December 2, 2019 5:00 pm","December 2, 2019 7:00 pm","Da","Ac","2673749572","davidacker3@gmail.com","Session 2 (Marissa)","Undergrad RAs","0.00","no","0.00","","","2019-11-20","","a client","","334178996"
"December 3, 2019 10:30 am","December 3, 2019 1:30 pm","St","Mi","8149332433","scm5402@psu.edu","Session 1 Follow Up (3 hours)","Begonia Herbert-Ramirez","0.00","no","0.00","","","2019-11-11","","a client","","331645135"
"December 3, 2019 11:00 am","December 3, 2019 2:00 pm","Mi","Pa","8635295321","myp5448@psu.edu","Session 1","Daniel Parr","0.00","no","0.00","","","2019-11-11","","a client","","331565030"
"December 4, 2019 9:00 am","December 4, 2019 12:00 pm","Wi","Vi","4843364213","wmv5027@psu.edu","Session 1","Begonia Herbert-Ramirez","0.00","no","0.00","","","2019-11-11","","a client","","331585885"
"December 4, 2019 10:30 am","December 4, 2019 1:30 pm","Ha","Br","8148806916","15haleyabrown@gmail.com","Session 3","Daniel Parr","0.00","no","0.00","","","2019-11-15","","a client","","332955648"
"December 4, 2019 11:00 am","December 4, 2019 1:00 pm","Ju","Ev","5139265772","jbe5189@psu.edu","Session 2 (Austin)","Undergrad RAs","0.00","no","0.00","","","2019-11-13","","a client","","332260992"
"December 4, 2019 1:00 pm","December 4, 2019 1:30 pm","Ju","Ev","5139265772","jbe5189@psu.edu","Session 1 Follow Up (30 minutes)","Begonia Herbert-Ramirez","0.00","no","0.00","","","2019-11-13","","bherbert@berkeley.edu","","332261821"
"December 4, 2019 1:30 pm","December 4, 2019 4:30 pm","Ca","Ho","4845608877","cjh6005@psu.edu","Session 1","Daniel Parr","0.00","no","0.00","","","2019-11-11","","a client","","331767843"
"December 4, 2019 1:30 pm","December 4, 2019 4:30 pm","Ra","Ni","8148529758","rfn5089@psu.edu","Session 3","Begonia Herbert-Ramirez","0.00","no","0.00","","","2019-11-18","","a client","","333485287"
"December 4, 2019 4:00 pm","December 4, 2019 7:00 pm","Su","Ku","'+18143603622","smk658@psu.edu","Session 1","Alison S.","0.00","no","0.00","","","2019-11-21","","a client","","334445041"
"December 4, 2019 5:00 pm","December 4, 2019 7:00 pm","Ch","Hu","6788230630","ckh5420@psu.edu","Session 2 (Marissa)","Undergrad RAs","0.00","no","0.00","","","2019-11-21","","a client","","334545972"
"December 5, 2019 4:00 pm","December 5, 2019 7:00 pm","Me","Bo","9083000519","mab7193@psu.edu","Session 1","Sophie Paolizzi","0.00","no","0.00","","","2019-11-14","","a client","canceled","332623375"
"December 5, 2019 4:00 pm","December 5, 2019 7:00 pm","Za","Ho","7178759853","zah5069@psu.edu","Session 1","Sophie Paolizzi","0.00","no","0.00","","","2019-11-15","","a client","","332944113"
"December 6, 2019 12:00 pm","December 6, 2019 2:00 pm","Al","Ro","6107623143","ajr5809@psu.edu","Session 2 (Marissa)","Undergrad RAs","0.00","no","0.00","","","2019-11-07","","a client","","330641750"
"December 6, 2019 2:30 pm","December 6, 2019 4:00 pm","Ab","Ke","8147777154","aek160@gmail.com","Session 1 Follow Up (1.5 hours)","Begonia Herbert-Ramirez","0.00","no","0.00","","","2019-11-18","","bherbert@berkeley.edu","","333517911"
"December 6, 2019 4:30 pm","December 6, 2019 5:00 pm","Er","Ba","4842253458","emb26@pct.edu","Session 1 Follow Up (30 minutes)","Daniel Parr","0.00","no","0.00","","","2019-11-15","","dpp5430@psu.edu","","332956354"
"December 6, 2019 5:00 pm","December 6, 2019 7:00 pm","Er","Ba","4842253458","emb26@pct.edu","Session 2 (Grace)","Undergrad RAs","0.00","no","0.00","","","2019-11-15","","dpp5430@psu.edu","","332955915"
"December 9, 2019 9:00 am","December 9, 2019 12:00 pm","Su","Na","4844675191","szm5944@psu.edu","Session 1","Nate Hall","0.00","no","0.00","","","2019-11-05","","a client","","330194906"
"December 9, 2019 10:00 am","December 9, 2019 1:00 pm","Sa","Gr","6102176484","seg5419@psu.edu","Session 1","Begonia Herbert-Ramirez","0.00","no","0.00","","","2019-11-18","","a client","","333373049"
"December 9, 2019 11:00 am","December 9, 2019 1:00 pm","Ji","Yu","9542539003","jvy5366@psu.edu","Session 2 (Austin)","Undergrad RAs","0.00","no","0.00","","","2019-11-26","","a client","","335672313"
"December 9, 2019 5:00 pm","December 9, 2019 7:00 pm","Ma","Bi","6107197779","mjb7286@psu.edu","Session 2 (Marissa)","Undergrad RAs","0.00","no","0.00","","","2019-11-21","","nate.hall329@gmail.com","","334565156"
"December 10, 2019 9:00 am","December 10, 2019 12:00 pm","Da","We","9198688268","dkw81@psu.edu","Session 1","Begonia Herbert-Ramirez","0.00","no","0.00","","","2019-11-15","","a client","","332974864"
"December 10, 2019 9:00 am","December 10, 2019 9:20 am","La","Mu","5857492975","lfm5357@psu.edu","RA Interviews","Daniel Parr","0.00","no","0.00","","","2019-12-06","","a client","","338147791"
"December 10, 2019 10:30 am","December 10, 2019 1:30 pm","Ce","Ph","9739432788","celinaphillips24@gmail.com","Session 3","Daniel Parr","0.00","no","0.00","","","2019-11-15","","a client","","333013266"
"December 10, 2019 11:00 am","December 10, 2019 1:00 pm","Er","Se","7175622610","ems6051@psu.edu","Session 2 (Austin)","Undergrad RAs","0.00","no","0.00","","","2019-11-26","","a client","","335595098"
"December 10, 2019 1:00 pm","December 10, 2019 3:00 pm","S","R","7406375290","skr5403@psu.edu","Session 2 (Daniel and Begonia)","Begonia Herbert-Ramirez","0.00","no","0.00","","","2019-11-07","","a client","no-show","330846434"
"December 10, 2019 4:00 pm","December 10, 2019 7:00 pm","MA","WA","2676788135","mrw5607@psu.edu","Session 1","Sophie Paolizzi","0.00","no","0.00","","","2019-11-20","","a client","canceled","334269820"
"December 11, 2019 8:00 am","December 11, 2019 10:00 am","St","Mi","8149332433","scm5402@psu.edu","Session 2 (Grace)","Undergrad RAs","0.00","no","0.00","","","2019-12-03","","bherbert@berkeley.edu","","337244512"
"December 11, 2019 9:00 am","December 11, 2019 12:00 pm","Sh","Su","8145718533","sks68@psu.edu","Session 3","Daniel Parr","0.00","no","0.00","","","2019-11-17","","a client","","333245311"
"December 11, 2019 10:00 am","December 11, 2019 10:30 am","St","Mi","8149332433","sem5402@psu.edu","Session 1 Follow Up (30 minutes)","Begonia Herbert-Ramirez","0.00","no","0.00","","","2019-12-03","","bherbert@berkeley.edu","canceled","337246651"
"December 11, 2019 10:30 am","December 11, 2019 11:00 am","St","Mi","8149332433","scm5402@psu.edu","Session 1 Follow Up (30 minutes)","Begonia Herbert-Ramirez","0.00","no","0.00","","","2019-12-03","","bherbert@berkeley.edu","","337245588"
"December 11, 2019 11:15 am","December 11, 2019 2:15 pm","Mi","Mo","7322130286","mjm8091@psu.edu","Session 1 Follow Up (3 hours)","Sophie Paolizzi","0.00","no","0.00","","","2019-11-19","","dpp5430@psu.edu","","333974165"
"December 11, 2019 12:00 pm","December 11, 2019 3:00 pm","Al","Wa","8145742854","avw5447@psu.edu","Session 1 Follow Up (3 hours)","Daniel Parr","0.00","no","0.00","","","2019-11-19","","a client","","333866804"
"December 11, 2019 12:20 pm","December 11, 2019 12:40 pm","Da","Ch","2406881985","dmc6129@psu.edu","RA Interviews","Begonia Herbert-Ramirez","0.00","no","0.00","","","2019-12-10","","a client","","339130071"
"December 11, 2019 1:30 pm","December 11, 2019 4:30 pm","To","Le","2155390025","tjl5310@psu.edu","Session 3","Begonia Herbert-Ramirez","0.00","no","0.00","","","2019-11-21","","a client","canceled","334483628"
"December 11, 2019 3:40 pm","December 11, 2019 4:00 pm","Ya","Li","8148529341","ybl5268@psu.edu","RA Interviews","Daniel Parr","0.00","no","0.00","","","2019-12-09","","a client","","338605881"
"December 11, 2019 4:00 pm","December 11, 2019 7:00 pm","Sn","An","4846506923","sva5600@psu.edu","Session 1","Alison S.","0.00","no","0.00","","","2019-12-02","","a client","","336952639"
"December 11, 2019 5:00 pm","December 11, 2019 7:00 pm","Wi","Vi","4843364213","wmv5027@psu.edu","Session 2 (Marissa)","Undergrad RAs","0.00","no","0.00","","","2019-12-04","","bherbert@berkeley.edu","","337517519"
"December 12, 2019 9:00 am","December 12, 2019 11:00 am","Su","Na","4844675191","szm5944@psu.edu","Session 2 (Daniel and Begonia)","Daniel Parr","0.00","no","0.00","","","2019-12-09","","nate.hall329@gmail.com","","338698438"
"December 12, 2019 10:30 am","December 12, 2019 1:30 pm","St","Mi","8149332433","scm5402@psu.edu","Session 3","Begonia Herbert-Ramirez","0.00","no","0.00","","","2019-12-03","","a client","","337246165"
"December 12, 2019 11:00 am","December 12, 2019 2:00 pm","Ge","Fl","'+18145696203","gtf9@psu.edu","Session 1","Alison S.","0.00","no","0.00","","","2019-11-19","","a client","","333829759"
"December 12, 2019 11:30 am","December 12, 2019 11:50 am","An","Pa","6102233137","anniepaulik0@gmail.com","RA Interviews","Daniel Parr","0.00","no","0.00","","","2019-12-09","","a client","canceled","338731726"
"December 12, 2019 4:30 pm","December 12, 2019 7:30 pm","SC","LO","7247100307","kcl9@psu.edu","Session 1","Nate Hall","0.00","no","0.00","","","2019-11-21","","a client","canceled","334401156"
"December 12, 2019 5:00 pm","December 12, 2019 7:00 pm","Sa","Gr","6102176484","seg5419@psu.edu","Session 2 (Grace)","Undergrad RAs","0.00","no","0.00","","","2019-12-09","","sophiepaolizzi@gmail.com","","338704435"
"December 13, 2019 9:00 am","December 13, 2019 9:20 am","Ya","Li","8148529341","ybl5268@psu.edu","RA Interviews","Begonia Herbert-Ramirez","0.00","no","0.00","","","2019-12-09","","client logged in as ybl5268@psu.edu","","338606176"
"December 13, 2019 9:00 am","December 13, 2019 9:20 am","Da","Ch","2406881985","dmc6129@psu.edu","RA Interviews","Daniel Parr","0.00","no","0.00","","","2019-12-10","","a client","","339130684"
"December 13, 2019 12:00 pm","December 13, 2019 2:00 pm","Ab","Co","4849474438","14cosgrovea@gmail.com","Session 2 (Marissa)","Undergrad RAs","0.00","no","0.00","","","2019-11-25","","a client","canceled","335481513"
"December 16, 2019 9:00 am","December 16, 2019 11:00 am","Ab","Ke","8147777154","aek160@gmail.com","Session 2 (Chloe)","Undergrad RAs","0.00","no","0.00","","","2019-12-06","","bherbert@berkeley.edu","","338189147"
"December 16, 2019 9:30 am","December 16, 2019 12:30 pm","C","S","2676151897","cbs5493@psu.edu","Session 3","Daniel Parr","0.00","no","0.00","","","2019-11-12","","a client","","332099397"
"December 16, 2019 11:00 am","December 16, 2019 1:00 pm","Ge","Fl","8145696203","gtf9@psu.edu","Session 2 (Austin)","Undergrad RAs","0.00","no","0.00","","","2019-12-12","","a client","","339658788"
"December 16, 2019 1:10 pm","December 16, 2019 1:30 pm","An","Pa","6102233137","anniepaulik0@gmail.com","RA Interviews","Begonia Herbert-Ramirez","0.00","no","0.00","","","2019-12-09","","a client","canceled","338732616"
"December 17, 2019 10:30 am","December 17, 2019 1:30 pm","To","Sa","4845509311","tommysalerno.info@gmail.com","Session 3","Daniel Parr","0.00","no","0.00","","","2019-11-19","","a client","","333810175"
"December 17, 2019 4:00 pm","December 17, 2019 7:00 pm","An","Bo","8147532580","abb6044@psu.edu","Session 1","Sophie Paolizzi","0.00","no","0.00","","","2019-11-25","","a client","","335413853"
"December 17, 2019 5:00 pm","December 17, 2019 8:00 pm","Sa","Ki","5704701857","skielar1@gmail.com","Session 1","Nate Hall","0.00","no","0.00","","","2019-11-20","","a client","","334047443"
"December 18, 2019 12:30 pm","December 18, 2019 3:30 pm","Da","We","9198688268","dkw81@psu.edu","Session 1 Follow Up (3 hours)","Begonia Herbert-Ramirez","0.00","no","0.00","","","2019-12-10","","sophiepaolizzi@gmail.com","","339025042"
"December 18, 2019 4:00 pm","December 18, 2019 5:30 pm","Su","Ku","'+18143603622","smk658@psu.edu","Session 1 Follow Up (1.5 hours)","Alison S.","0.00","no","0.00","","","2019-12-04","","almasc526@gmail.com","","337674305"
"December 18, 2019 4:00 pm","December 18, 2019 4:20 pm","La","Mu","5857492975","lfm5357@psu.edu","RA Interviews","Begonia Herbert-Ramirez","0.00","no","0.00","","","2019-12-10","","a client","","339030184"
"December 18, 2019 5:30 pm","December 18, 2019 7:00 pm","Sn","An","4846506923","sva5600@psu.edu","Session 1 Follow Up (1.5 hours)","Alison S.","0.00","no","0.00","","","2019-12-11","","almasc526@gmail.com","","339469724"
"December 19, 2019 11:00 am","December 19, 2019 1:00 pm","ka","ot","8144412223","kao5316@psu.edu","Session 2 (Austin)","Begonia Herbert-Ramirez","0.00","no","0.00","","","2019-11-25","","a client","","335326406"
"December 19, 2019 11:00 am","December 19, 2019 2:00 pm","Ni","Ch","5706905359","nac5333@psu.edu","Session 1","Daniel Parr","0.00","no","0.00","","","2019-12-16","","a client","canceled","340494574"
"December 19, 2019 5:00 pm","December 19, 2019 8:00 pm","Mak","Wada","2676788135","mrw5607@psu.edu","Session 1","Nate Hall","0.00","no","0.00","","","2019-12-10","","a client","","338926595"
"December 20, 2019 9:15 am","December 20, 2019 9:35 am","An","Pa","6102233137","anniepaulik0@gmail.com","RA Interviews","Begonia Herbert-Ramirez","0.00","no","0.00","","","2019-12-18","","bherbert@berkeley.edu","","341128329"
"December 20, 2019 10:00 am","December 20, 2019 1:00 pm","Va","Ta","4844015032","vkt5039@psu.edu","Session 3","Begonia Herbert-Ramirez","0.00","no","0.00","","","2019-12-12","","a client","no-show","339719777"
"December 20, 2019 11:30 am","December 20, 2019 11:50 am","An","Pa","6102233137","anniepaulik0@gmail.com","RA Interviews","Daniel Parr","0.00","no","0.00","","","2019-12-14","","a client","","340148837"
"December 20, 2019 12:00 pm","December 20, 2019 1:30 pm","An","Bo","8147532580","abb6044@psu.edu","Session 1 Follow Up (1.5 hours)","Sophie Paolizzi","0.00","no","0.00","","","2019-12-17","","sophiepaolizzi@gmail.com","","340896178"
"December 20, 2019 12:20 pm","December 20, 2019 12:40 pm","Brendy","Kim","2157968108","bfk5154@psu.edu","RA Interviews","Daniel Parr","0.00","no","0.00","","","2019-12-14","","a client","","340040353"
"December 20, 2019 1:30 pm","December 20, 2019 4:30 pm","Av","Ev","7172625017","aie5097@psu.edu","Session 3","Begonia Herbert-Ramirez","0.00","no","0.00","","","2019-11-20","","a client","","334067979"
"December 20, 2019 3:00 pm","December 20, 2019 4:30 pm","Sn","An","4846506923","sva5600@psu.edu","Session 1 Follow Up (1.5 hours)","Alison S.","0.00","no","0.00","","","2019-12-18","","almasc526@gmail.com","","341160355"
"January 2, 2020 9:00 am","January 2, 2020 12:00 pm","Ni","Re","8149317768","nar5235@psu.edu","Session 3","Daniel Parr","0.00","no","0.00","","","2019-11-22","","a client","","334676952"
"January 3, 2020 10:00 am","January 3, 2020 1:00 pm","Ab","Ke","8147777154","aek160@gmail.com","Session 3","Begonia Herbert-Ramirez","0.00","no","0.00","","","2019-12-06","","bherbert@berkeley.edu","","338189904"
"January 3, 2020 1:20 pm","January 3, 2020 4:20 pm","St","Mi","8149332433","scm5402@psu.edu","Session 3","Daniel Parr","0.00","no","0.00","","","2019-12-11","","a client","canceled","339283879"
"January 6, 2020 2:20 pm","January 6, 2020 5:20 pm","El","Ke","8145740193","ewk4@psu.edu","Session 3","Begonia Herbert-Ramirez","0.00","no","0.00","","","2019-11-18","","a client","","333434167"
"January 7, 2020 9:00 am","January 7, 2020 12:00 pm","Co","Cr","8144417766","cjcrable@gmail.com","Session 3","Daniel Parr","0.00","no","0.00","","","2019-12-04","","a client","","337524469"
"January 7, 2020 12:20 pm","January 7, 2020 3:20 pm","Ka","Ot","8144412223","kao5316@psu.edu","Session 3","Begonia Herbert-Ramirez","0.00","no","0.00","","","2019-12-19","","bherbert@berkeley.edu","","341341313"
"January 8, 2020 12:30 pm","January 8, 2020 3:30 pm","Li","Wa","2724447276","ward.lillian.d@gmail.com","Session 1","Daniel Parr","0.00","no","0.00","","","2019-11-25","","a client","canceled","335256593"
"January 9, 2020 9:00 am","January 9, 2020 12:00 pm","Ju","Ev","5139265772","jbe5189@psu.edu","Session 3","Daniel Parr","0.00","no","0.00","","","2019-12-04","","a client","canceled","337544149"
"January 9, 2020 11:30 am","January 9, 2020 2:30 pm","Ni","Ch","5706905359","nac5333@psu.edu","Session 1","Begonia Herbert-Ramirez","0.00","no","0.00","","","2019-12-11","","a client","canceled","339280217"
"January 9, 2020 1:30 pm","January 9, 2020 4:30 pm","De","Ji","6106036353","dxj5177@psu.edu","Session 3","Daniel Parr","0.00","no","0.00","","","2019-12-03","","a client","","337162861"
"January 10, 2020 9:50 am","January 10, 2020 12:50 pm","Su","Ku","'+18143603622","smk658@psu.edu","Session 3","Begonia Herbert-Ramirez","0.00","no","0.00","","","2019-12-22","","a client","","341918397"
"January 10, 2020 1:00 pm","January 10, 2020 2:30 pm","Ra","Ni","8148529758","rfn5089@psu.edu","Session 3 Follow-Up  (1.5 Hours)","Daniel Parr","0.00","no","0.00","","","2019-12-04","","bherbert@berkeley.edu","","337624316"
"January 13, 2020 6:00 pm","January 13, 2020 8:00 pm","S","R","7406375290","skr5403@psu.edu","Session 2 (Marissa)","Undergrad RAs","0.00","no","0.00","","","2019-12-16","","a client","","340538841"
"January 14, 2020 9:00 am","January 14, 2020 12:00 pm","Ki","Vi","814959674","kev5131@psu.edu","Session 3","Daniel Parr","0.00","no","0.00","","","2019-11-16","","a client","","333096961"
"January 14, 2020 1:00 pm","January 14, 2020 4:00 pm","Ke","Hy","2678859882","kellyahyland@gmail.com","Session 1","Daniel Parr","0.00","no","0.00","","","2020-01-04","","a client","","344619137"
"January 14, 2020 3:00 pm","January 14, 2020 4:30 pm","Su","Ku","'+18143603622","smk658@psu.edu","Session 3 Follow-Up  (1.5 Hours)","Begonia Herbert-Ramirez","0.00","no","0.00","","","2020-01-10","","bherbert@berkeley.edu","","346699840"
"January 14, 2020 4:00 pm","January 14, 2020 7:00 pm","Sa","Ki","5704701857","skielar1@gmail.com","Session 1 Follow Up (3 hours)","Nate Hall","0.00","no","0.00","","","2019-12-17","","nate.hall329@gmail.com","","340913569"
"January 15, 2020 9:00 am","January 15, 2020 12:00 pm","Ch","Hu","6788230630","ckh5420@psu.edu","Session 3","Daniel Parr","0.00","no","0.00","","","2019-12-04","","a client","","337663810"
"January 15, 2020 9:00 am","January 15, 2020 12:00 pm","Da","Pa","7652592308","danielparker85@yahoo.com","Session 1","Begonia Herbert-Ramirez","0.00","no","0.00","","","2020-01-07","","a client","canceled","345572256"
"January 15, 2020 12:20 pm","January 15, 2020 3:20 pm","St","Ne","9785012265","stacyn97@gmail.com","Session 3","Begonia Herbert-Ramirez","0.00","no","0.00","","","2019-12-18","","a client","canceled","340952512"
"January 15, 2020 5:00 pm","January 15, 2020 7:00 pm","Za","Ho","7178759853","zah5069@psu.edu","Session 2 (Marissa)","Undergrad RAs","0.00","no","0.00","","","2019-12-05","","a client","","337970053"
"January 15, 2020 7:00 pm","January 15, 2020 9:00 pm","Sa","Ki","5704701857","skielar1@gmail.com","Session 2 (Austin)","Undergrad RAs","0.00","no","0.00","","","2020-01-14","","nate.hall329@gmail.com","","347906560"
"January 16, 2020 8:00 am","January 16, 2020 10:00 am","Su","Na","4844675191","szm5944@psu.edu","Session 2 (Mia)","Undergrad RAs","0.00","no","0.00","","","2020-01-10","","a client","","346776717"
"January 16, 2020 9:00 am","January 16, 2020 12:00 pm","Al","Ha","'+17176076147","amh678@psu.edu","Session 3","Daniel Parr","0.00","no","0.00","","","2019-11-22","","a client","","334669104"
"January 16, 2020 1:30 pm","January 16, 2020 4:30 pm","Ju","Ev","5139265772","jbe5189@psu.edu","Session 3","Begonia Herbert-Ramirez","0.00","no","0.00","","","2019-12-04","","bherbert@berkeley.edu","","337563515"
"January 16, 2020 4:00 pm","January 16, 2020 7:00 pm","Ja","Mi","2672348754","jmm7777@psu.edu","Session 1","Nate Hall","0.00","no","0.00","","","2019-11-18","","a client","","333612022"
"January 16, 2020 4:00 pm","January 16, 2020 6:00 pm","Da","We","9198688268","dkw81@psu.edu","Session 2 (Grace)","Undergrad RAs","0.00","no","0.00","","","2019-12-18","","sophiepaolizzi@gmail.com","","341118096"
"January 16, 2020 6:00 pm","January 16, 2020 9:00 pm","Ni","Ch","5706905359","nchipego@msn.com","Session 1","Begonia Herbert-Ramirez","0.00","no","0.00","","","2020-01-03","","a client","canceled","344395673"
"January 17, 2020 11:00 am","January 17, 2020 2:00 pm","Al","St","2676388280","ars6370@psu.edu","Session 1","Begonia Herbert-Ramirez","0.00","no","0.00","","","2020-01-05","","a client","","344999940"
"January 17, 2020 11:45 am","January 17, 2020 2:45 pm","M","A","8148265095","mja6074@psu.edu","Session 3","Sophie Paolizzi","0.00","no","0.00","","","2020-01-11","","a client","no-show","346982134"
"January 17, 2020 12:00 pm","January 17, 2020 2:00 pm","Mi","Pa","8635295321","myp5448@psu.edu","Session 2 (Daniel and Begonia)","Daniel Parr","0.00","no","0.00","","","2019-12-03","","a client","","337231924"
"January 18, 2020 10:00 am","January 18, 2020 1:00 pm","Nicole","Chipego","5706905359","nchipego@msn.com","Session 1","Begonia Herbert-Ramirez","0.00","no","0.00","","","2020-01-16","","a client","canceled","348402074"
"January 18, 2020 10:00 am","January 18, 2020 1:00 pm","M","A","8148265095","mja6074@psu.edu","Session 3","Begonia Herbert-Ramirez","0.00","no","0.00","","","2020-01-17","","bherbert@berkeley.edu","","348773842"
"January 18, 2020 2:50 pm","January 18, 2020 5:50 pm","Da","Ac","2673749572","davidacker3@gmail.com","Session 3","Begonia Herbert-Ramirez","0.00","no","0.00","","","2020-01-16","","a client","","348618222"
"January 20, 2020 2:30 pm","January 20, 2020 5:30 pm","Ma","Bi","6107197779","mjb7286@psu.edu","Session 3","Alison S.","0.00","no","0.00","","","2020-01-09","","bherbert@berkeley.edu","","346397503"
"January 20, 2020 6:00 pm","January 20, 2020 8:00 pm","An","Bo","8147532580","abb6044@psu.edu","Session 2 (Marissa)","Undergrad RAs","0.00","no","0.00","","","2019-12-20","","a client","","341600526"
"January 21, 2020 9:00 am","January 21, 2020 12:00 pm","Ka","Ri","7244178908","klr5771@psu.edu","Session 3","Daniel Parr","0.00","no","0.00","","","2019-12-03","","a client","","337279922"
"January 21, 2020 11:00 am","January 21, 2020 2:00 pm","Co","Mi","7174482712","cjm6598@psu.edu","Session 1","Begonia Herbert-Ramirez","0.00","no","0.00","","","2020-01-07","","a client","","345529626"
"January 21, 2020 12:30 pm","January 21, 2020 1:30 pm","Sh","Su","8145718533","sks68@psu.edu","Session 3 (1 hour follow-up)","Daniel Parr","0.00","no","0.00","","","2020-01-14","","bherbert@berkeley.edu","","347725456"
"January 22, 2020 10:30 am","January 22, 2020 1:30 pm","Ca","Ob","5708773120","callieob1998@gmail.com","Session 3","Begonia Herbert-Ramirez","0.00","no","0.00","","","2019-11-19","","a client","","333964699"
"January 22, 2020 12:00 pm","January 22, 2020 3:00 pm","Ak","Ma","4847535034","avm5941@psu.edu","Session 1","Begonia Herbert-Ramirez","0.00","no","0.00","","","2020-01-07","","a client","canceled","345591059"
"January 22, 2020 2:00 pm","January 22, 2020 5:00 pm","Lo","Wi","7179173550","lqw5349@psu.edu","Session 1","Daniel Parr","0.00","no","0.00","","","2020-01-07","","a client","","345686911"
"January 22, 2020 3:00 pm","January 22, 2020 6:00 pm","De","Ji","6106036353","dxj5177@psu.edu","Session 3","Sophie Paolizzi","0.00","no","0.00","","","2020-01-13","","bherbert@berkeley.edu","","347415640"
"January 22, 2020 3:00 pm","January 22, 2020 4:30 pm","Ja","Mi","2672348754","jmm7777@psu.edu","Session 1 Follow Up (1.5 hours)","Nate Hall","0.00","no","0.00","","","2020-01-17","","nate.hall329@gmail.com","","348809895"
"January 22, 2020 5:00 pm","January 22, 2020 7:00 pm","Mi","Mo","7322130286","mjm8091@psu.edu","Session 2 (Mia)","Undergrad RAs","0.00","no","0.00","","","2019-12-11","","a client","","339348810"
"January 23, 2020 9:00 am","January 23, 2020 10:00 am","Av","Ev","7172625017","aie5097@psu.edu","Session 3 (1 hour follow-up)","Daniel Parr","0.00","no","0.00","","","2020-01-20","","bherbert@berkeley.edu","","349581163"
"January 23, 2020 11:00 am","January 23, 2020 2:00 pm","Sa","Gr","6102176484","seg5419@psu.edu","Session 3","Begonia Herbert-Ramirez","0.00","no","0.00","","","2019-12-09","","sophiepaolizzi@gmail.com","","338705202"
"January 23, 2020 2:00 pm","January 23, 2020 5:00 pm","Vi","Li","'+17179194372","vcl5036@psu.edu","Session 1","Daniel Parr","0.00","no","0.00","","","2020-01-03","","a client","","344313892"
"January 23, 2020 4:00 pm","January 23, 2020 7:00 pm","Mi","Sc","8142075046","mjs8110@psu.edu","Session 1","Nate Hall","0.00","no","0.00","","","2019-12-04","","a client","canceled","337674419"
"January 23, 2020 4:30 pm","January 23, 2020 6:00 pm","Ca","Ob","5708773120","callieob1998@gmail.com","Session 3 Follow-Up  (1.5 Hours)","Begonia Herbert-Ramirez","0.00","no","0.00","","","2020-01-22","","bherbert@berkeley.edu","","350210572"
"January 24, 2020 9:00 am","January 24, 2020 12:00 pm","Da","We","9198688268","dkw81@psu.edu","Session 3","Begonia Herbert-Ramirez","0.00","no","0.00","","","2019-12-18","","sophiepaolizzi@gmail.com","","341119178"
"January 24, 2020 11:00 am","January 24, 2020 1:00 pm","Ca","Ho","4845608877","cjh6005@psu.edu","Session 2 (Marissa)","Undergrad RAs","0.00","no","0.00","","","2020-01-03","","a client","","344435332"
"January 24, 2020 1:30 pm","January 24, 2020 4:30 pm","Em","St","5407794441","eds5327@psu.edu","Session 3","Daniel Parr","0.00","no","0.00","","","2019-11-21","","a client","","334496308"
"January 25, 2020 11:00 am","January 25, 2020 2:00 pm","La","Oj","7173192711","lxo5065@psu.edu","Session 1","Begonia Herbert-Ramirez","0.00","no","0.00","","","2020-01-21","","a client","","349749596"
"January 25, 2020 2:30 pm","January 25, 2020 4:00 pm","Ki","Vi","8149549674","kev5131@psu.edu","Session 3 Follow-Up  (1.5 Hours)","Begonia Herbert-Ramirez","0.00","no","0.00","","","2020-01-17","","a client","","348863687"
"January 27, 2020 11:00 am","January 27, 2020 1:00 pm","Co","Mi","7174482712","cjm6598@psu.edu","Session 2 (Austin)","Undergrad RAs","0.00","no","0.00","","","2020-01-21","","bherbert@berkeley.edu","","349866416"
"January 27, 2020 2:30 pm","January 27, 2020 5:30 pm","St","Ne","9785012265","stacyn97@gmail.com","Session 3","Alison S.","0.00","no","0.00","","","2020-01-14","","bherbert@berkeley.edu","","347731243"
"January 27, 2020 6:00 pm","January 27, 2020 8:00 pm","Sn","An","4846506923","sva5600@psu.edu","Session 2 (Marissa)","Undergrad RAs","0.00","no","0.00","","","2019-12-20","","a client","no-show","341656665"
"January 28, 2020 10:30 am","January 28, 2020 1:30 pm","Ma","Wa","2154507685","mkw5707@psu.edu","Session 1","Begonia Herbert-Ramirez","0.00","no","0.00","","","2020-01-13","","a client","canceled","347390256"
"January 28, 2020 11:40 am","January 28, 2020 2:40 pm","Za","Ho","7178759853","zah5069@psu.edu","Session 3","Daniel Parr","0.00","no","0.00","","","2020-01-15","","a client","","348284027"
"January 28, 2020 4:15 pm","January 28, 2020 7:15 pm","La","Oj","7173192711","lxo5065@psu.edu","Session 3","Alison S.","0.00","no","0.00","","","2020-01-27","","a client","","351633672"
"January 29, 2020 10:00 am","January 29, 2020 1:00 pm","Al","Ro","6107623143","ajr5809@psu.edu","Session 3","Daniel Parr","0.00","no","0.00","","","2019-12-06","","a client","","338159862"
"January 29, 2020 1:30 pm","January 29, 2020 4:30 pm","Da","Wo","7173781101","DavidWooditch@gmail.com","Session 1","Begonia Herbert-Ramirez","0.00","no","0.00","","","2020-01-17","","a client","canceled","348788831"
"January 29, 2020 2:00 pm","January 29, 2020 5:00 pm","Me","He","4124170461","mherndon411@gmail.com","Session 1","Daniel Parr","0.00","no","0.00","","","2019-11-15","","a client","canceled","332983975"
"January 29, 2020 3:00 pm","January 29, 2020 6:00 pm","Sa","Ra","7406375290","skr5403@psu.edu","Session 3","Sophie Paolizzi","0.00","no","0.00","","","2020-01-13","","a client","","347568599"
"January 29, 2020 5:00 pm","January 29, 2020 7:00 pm","Ke","Hy","2678859882","kah6127@psu.edu","Session 2 (Austin)","Undergrad RAs","0.00","no","0.00","","","2020-01-16","","a client","","348510539"
"January 30, 2020 10:00 am","January 30, 2020 1:00 pm","Mar","San","7179037394","mps5831@psu.edu","Session 1","Daniel Parr","0.00","no","0.00","","","2020-01-13","","a client","canceled","347344921"
"January 30, 2020 1:00 pm","January 30, 2020 4:00 pm","Ch","Fl","16316240057","clf5523@psu.edu","Session 1","Begonia Herbert-Ramirez","0.00","no","0.00","","","2020-01-13","","a client","","347353848"
"January 30, 2020 1:50 pm","January 30, 2020 4:50 pm","Va","Ta","4844015032","vkt5039@psu.edu","Session 3","Daniel Parr","0.00","no","0.00","","","2020-01-17","","a client","","348865392"
"January 31, 2020 9:00 am","January 31, 2020 12:00 pm","Ka","Se","6128681190","katelselleck@gmail.com","Session 1","Begonia Herbert-Ramirez","0.00","no","0.00","","","2020-01-13","","a client","","347523256"
"January 31, 2020 10:10 am","January 31, 2020 1:10 pm","Er","Ba","4842253458","emb26@pct.edu","Session 3","Daniel Parr","0.00","no","0.00","","","2019-12-10","","a client","","339139226"
"January 31, 2020 11:00 am","January 31, 2020 1:00 pm","Ja","Mi","2672348754","jmm7777@psu.edu","Session 2 (Marissa)","Undergrad RAs","0.00","no","0.00","","","2020-01-27","","a client","","351527277"
"January 31, 2020 1:30 pm","January 31, 2020 4:30 pm","Co","Cu","5703364488","cpc5659@psu.edu","Session 3","Daniel Parr","0.00","no","0.00","","","2019-12-03","","a client","canceled","337368315"
"February 3, 2020 6:00 pm","February 3, 2020 8:00 pm","Su","Ku","8143603622","smk658@psu.edu","Session 2 (Marissa)","Undergrad RAs","0.00","no","0.00","","","2019-12-18","","a client","canceled","341158854"
"February 4, 2020 2:00 pm","February 4, 2020 5:00 pm","Da","Pa","7652592308","danielparker85@yahoo.com","Session 1","Daniel Parr","0.00","no","0.00","","","2020-01-13","","a client","canceled","347625471"
"February 5, 2020 5:00 pm","February 5, 2020 7:00 pm","Al","St","2676388280","ars6370@psu.edu","Session 2 (Austin)","Undergrad RAs","0.00","no","0.00","","","2020-01-17","","a client","","348839717"
"February 6, 2020 1:00 pm","February 6, 2020 4:00 pm","Ma","Wa","2154507685","mkw5707@psu.edu","Session 1","Daniel Parr","0.00","no","0.00","","","2020-01-13","","a client","canceled","347392362"
"February 7, 2020 11:00 am","February 7, 2020 1:00 pm","Ka","Se","6128681190","katelselleck@gmail.com","Session 2 (Marissa)","Undergrad RAs","0.00","no","0.00","","","2020-01-31","","bherbert@berkeley.edu","canceled","352965417"
"February 10, 2020 6:00 pm","February 10, 2020 8:00 pm","Li","Vi","7179194372","vcl5036@psu.edu","Session 2 (Marissa)","Undergrad RAs","0.00","no","0.00","","","2020-01-23","","a client","canceled","350644682"
"February 11, 2020 2:00 pm","February 11, 2020 5:00 pm","Ch","Gi","5706604592","ctg3924@lockhaven.edu","Session 1","Daniel Parr","0.00","no","0.00","","","2020-01-15","","a client","no-show","348001296"
"February 12, 2020 2:00 pm","February 12, 2020 3:30 pm","Lo","Wi","7179173550","lqw5349@psu.edu","Session 1 Follow Up (1.5 hours)","Daniel Parr","0.00","no","0.00","","","2020-01-28","","a client","","351870018"
"February 12, 2020 2:00 pm","February 12, 2020 5:00 pm","La","Be","8147711432","mountainlaurel18@gmail.com","Session 1","Begonia Herbert-Ramirez","0.00","no","0.00","","","2020-02-09","","a client","","355701844"
"February 12, 2020 5:00 pm","February 12, 2020 7:00 pm","La","Oj","7173192711","lxo5065@psu.edu","Session 2 (Austin)","Undergrad RAs","0.00","no","0.00","","","2020-01-25","","a client","canceled","351155923"
"February 13, 2020 8:00 am","February 13, 2020 10:00 am","Vi","Li","'+17179194372","vcl5036@psu.edu","Session 2 (Mia)","Undergrad RAs","0.00","no","0.00","","","2020-02-10","","a client","canceled","356002338"
"February 13, 2020 1:30 pm","February 13, 2020 4:30 pm","La","Oj","'+17173192711","lxo5065@psu.edu","Session 1","Daniel Parr","0.00","no","0.00","","","2020-01-15","","a client","canceled","348107148"
"February 13, 2020 2:30 pm","February 13, 2020 5:30 pm","Sa","Bu","2159339575","sarahxburton18@gmail.com","Session 1","Begonia Herbert-Ramirez","0.00","no","0.00","","","2020-02-11","","a client","canceled","356367509"
"February 14, 2020 10:00 am","February 14, 2020 11:00 am","Ka","Ri","7244178908","klr5771@psu.edu","Session 3 (1 hour follow-up)","Begonia Herbert-Ramirez","0.00","no","0.00","","","2020-01-21","","a client","","349825707"
"February 17, 2020 2:30 pm","February 17, 2020 5:30 pm","Co","Mi","7174482712","cjm6598@psu.edu","Session 3","Alison S.","0.00","no","0.00","","","2020-01-27","","a client","","351553874"
"February 17, 2020 5:30 pm","February 17, 2020 6:00 pm","Co","Mi","7174482712","cjm6598@psu.edu","Session 1 Follow Up (30 minutes)","Begonia Herbert-Ramirez","0.00","no","0.00","","","2020-02-10","","bherbert@berkeley.edu","","355990190"
"February 17, 2020 6:00 pm","February 17, 2020 8:00 pm","Ka","Se","6128681190","katelselleck@gmail.com","Session 2 (Marissa)","Undergrad RAs","0.00","no","0.00","","","2020-02-06","","a client","","355043171"
"February 18, 2020 9:40 am","February 18, 2020 12:40 pm","Im","Mu","2674244778","ikm5070@psu.edu","Session 3","Daniel Parr","0.00","no","0.00","","","2019-12-12","","a client","canceled","339723466"
"February 18, 2020 1:30 pm","February 18, 2020 4:30 pm","Sa","Ki","5704701857","skielar1@gmail.com","Session 3","Begonia Herbert-Ramirez","0.00","no","0.00","","","2020-01-21","","a client","","349938717"
"February 18, 2020 1:50 pm","February 18, 2020 4:50 pm","Br","Da","18149337141","Brigitte.davies@gmail.com","Session 1","Daniel Parr","0.00","no","0.00","","","2020-01-17","","a client","no-show","348832038"
"February 19, 2020 9:10 am","February 19, 2020 12:10 pm","Er","Se","7175622610","ems6051@psu.edu","Session 3","Daniel Parr","0.00","no","0.00","","","2019-12-10","","a client","","339031715"
"February 19, 2020 10:00 am","February 19, 2020 1:00 pm","Br","Bo","6107149130","bdb5288@psu.edu","Session 1","Begonia Herbert-Ramirez","0.00","no","0.00","","","2020-02-12","","a client","canceled","356537295"
"February 19, 2020 12:00 pm","February 19, 2020 3:00 pm","Ca","Da","'+16103312414","ced5436@psu.edu","Session 1","Begonia Herbert-Ramirez","0.00","no","0.00","","","2020-01-17","","a client","canceled","348813248"
"February 19, 2020 5:00 pm","February 19, 2020 7:00 pm","La","Oj","'+17173192711","lxo5065@psu.edu","Session 2 (Austin)","Undergrad RAs","0.00","no","0.00","","","2020-02-12","","a client","","356719449"
"February 20, 2020 8:00 am","February 20, 2020 10:00 am","Ar","Ro","5186057205","Ajr35@pct.edu","Session 2 (Mia)","Undergrad RAs","0.00","no","0.00","","","2020-02-11","","a client","","356367202"
"February 20, 2020 10:30 am","February 20, 2020 1:30 pm","Mi","Sc","8142075046","mjs8110@psu.edu","Session 1","Begonia Herbert-Ramirez","0.00","no","0.00","","","2020-01-27","","a client","canceled","351726508"
"February 20, 2020 10:30 am","February 20, 2020 1:30 pm","Br","Wh","7865825408","bpw5292@psu.edu","Session 1","Begonia Herbert-Ramirez","0.00","no","0.00","","","2020-02-13","","a client","no-show","356943754"
"February 20, 2020 11:00 am","February 20, 2020 2:00 pm","Wi","Vi","4843364213","wmv5027@psu.edu","Session 3","Daniel Parr","0.00","no","0.00","","","2019-12-11","","a client","","339462263"
"February 21, 2020 9:00 am","February 21, 2020 12:00 pm","Em","Ca","4126239418","enc5172@psu.edu","Session 1","Begonia Herbert-Ramirez","0.00","no","0.00","","","2020-01-29","","a client","","352196588"
"February 21, 2020 10:30 am","February 21, 2020 1:30 pm","Ma","Wo","4804666814","mrw5640@psu.edu","Session 1","Daniel Parr","0.00","no","0.00","","","2020-01-20","","a client","","349626044"
"February 21, 2020 11:45 am","February 21, 2020 2:45 pm","Ca","Ho","4845608877","cjh6005@psu.edu","Session 3","Sophie Paolizzi","0.00","no","0.00","","","2020-01-23","","bherbert@berkeley.edu","","350556316"
"February 25, 2020 8:00 am","February 25, 2020 11:00 am","Su","Na","4844675191","szm5944@psu.edu","Session 3","Sophie Paolizzi","0.00","no","0.00","","No Show on 1/28","2020-01-16","","a client","","348405988"
"February 25, 2020 10:00 am","February 25, 2020 1:00 pm","An","Co","7876690927","amc7052@psu.edu","Session 1","Begonia Herbert-Ramirez","0.00","no","0.00","","","2020-01-31","","a client","","353049673"
"February 25, 2020 11:00 am","February 25, 2020 2:00 pm","Ge","Fl","8145696203","gtf9@psu.edu","Session 3","Daniel Parr","0.00","no","0.00","","","2019-12-16","","a client","","340451089"
"February 26, 2020 9:00 am","February 26, 2020 12:00 pm","To","Le","2155390025","tjl5310@psu.edu","Session 3","Daniel Parr","0.00","no","0.00","","","2019-12-11","","a client","","339465376"
"February 26, 2020 9:00 am","February 26, 2020 12:00 pm","La","Be","8147711432","mountainlaurel18@gmail.com","Session 1 Follow Up (3 hours)","Begonia Herbert-Ramirez","0.00","no","0.00","","","2020-02-12","","bherbert@berkeley.edu","","356791428"
"February 26, 2020 12:30 pm","February 26, 2020 3:30 pm","Co","Sp","'+17178811408","cms7697@psu.edu","Session 1","Begonia Herbert-Ramirez","0.00","no","0.00","","","2020-01-17","","a client","","348825238"
"February 26, 2020 1:00 pm","February 26, 2020 4:00 pm","Da","Sm","2373193372","des5631@psu.edu","Session 1","Daniel Parr","0.00","no","0.00","","","2020-01-21","","a client","","349938780"
"February 26, 2020 5:00 pm","February 26, 2020 7:00 pm","Lo","Wi","7179173550","lqw5349@psu.edu","Session 2 (Mia)","Undergrad RAs","0.00","no","0.00","","","2020-02-12","","a client","","356763908"
"February 27, 2020 1:30 pm","February 27, 2020 4:30 pm","Ch","Fl","16316240057","clf5523@psu.edu","Session 1 Follow Up (3 hours)","Begonia Herbert-Ramirez","0.00","no","0.00","","","2020-01-30","","a client","canceled","352724048"
"February 27, 2020 1:50 pm","February 27, 2020 4:50 pm","Ro","Be","7248149670","rjb6220@psu.edu","Session 3","Daniel Parr","0.00","no","0.00","","","2019-12-18","","a client","","341032240"
"February 27, 2020 2:00 pm","February 27, 2020 5:00 pm","Ty","Pu","8148899379","tbp5130@psu.edu","Session 1","Begonia Herbert-Ramirez","0.00","no","0.00","","","2020-02-11","","a client","","356413363"
"February 27, 2020 3:00 pm","February 27, 2020 6:00 pm","Mak","Wada","2676788135","mrw5607@psu.edu","Session 1 Follow Up (3 hours)","Nate Hall","0.00","no","0.00","","","2020-02-18","","nate.hall329@gmail.com","","358418189"
"February 28, 2020 9:00 am","February 28, 2020 12:00 pm","Ar","Ro","5186057205","Ajr35@pct.edu","Session 1","Begonia Herbert-Ramirez","0.00","no","0.00","","","2020-02-18","","a client","","358559618"
"February 28, 2020 11:00 am","February 28, 2020 1:00 pm","Su","Ku","8143603622","smk658@psu.edu","Session 2 (Marissa)","Undergrad RAs","0.00","no","0.00","","","2020-02-09","","a client","","355618727"
"March 2, 2020 2:30 pm","March 2, 2020 4:00 pm","Lo","Wi","7179173550","lqw5349@psu.edu","Session 1 Follow Up (1.5 hours)","Daniel Parr","0.00","no","0.00","","","2020-01-22","","a client","canceled","350304523"
"March 2, 2020 6:00 pm","March 2, 2020 8:00 pm","Vi","Li","'+17179194372","vcl5036@psu.edu","Session 2 (Marissa)","Undergrad RAs","0.00","no","0.00","","","2020-02-12","","a client","","356699097"
"March 3, 2020 9:00 am","March 3, 2020 12:00 pm","Et","Ko","8143604025","ethanbkol2@gmail.com","Session 3","Daniel Parr","0.00","no","0.00","","","2019-11-13","","a client","","332223234"
"March 3, 2020 10:00 am","March 3, 2020 1:00 pm","Be","Co","8145027357","bnl5083@psu.edu","Session 1","Begonia Herbert-Ramirez","0.00","no","0.00","","","2020-02-06","","a client","","354868053"
"March 3, 2020 12:00 pm","March 3, 2020 3:00 pm","Va","Ta","4844015032","vkt5039@psu.edu","Session 3","Daniel Parr","0.00","no","0.00","","","2020-01-30","","a client","","352768209"
"March 4, 2020 11:00 am","March 4, 2020 2:00 pm","Im","Mu","2674244778","ikm5070@psu.edu","Session 3","Daniel Parr","0.00","no","0.00","","","2020-02-01","","a client","","353206898"
"March 4, 2020 2:00 pm","March 4, 2020 5:00 pm","Ma","Ko","4129999755","msk5446@psu.edu","Session 1","Begonia Herbert-Ramirez","0.00","no","0.00","","","2020-02-04","","a client","","354125814"
"March 4, 2020 2:00 pm","March 4, 2020 5:00 pm","St","Ka","7187535990","sqk6025@psu.edu","Session 1","Daniel Parr","0.00","no","0.00","","","2020-02-17","","a client","","358233266"
"March 5, 2020 11:00 am","March 5, 2020 2:00 pm","Mi","Mo","'+17322130286","mjm8091@psu.edu","Session 3","Daniel Parr","0.00","no","0.00","","","2020-01-20","","a client","","349603556"
"March 5, 2020 12:30 pm","March 5, 2020 3:30 pm","Em","Qu","8145748546","eequick95@gmail.com","Session 1","Begonia Herbert-Ramirez","0.00","no","0.00","","","2020-02-05","","a client","","354599696"
"March 6, 2020 11:30 am","March 6, 2020 2:30 pm","Mi","Pa","8635295321","myp5448@psu.edu","Session 3","Begonia Herbert-Ramirez","0.00","no","0.00","","","2019-12-20","","a client","","341662978"
"March 6, 2020 11:30 am","March 6, 2020 2:30 pm","Ra","Hi","9202689841","rmhietpas@gmail.com","Session 1","Daniel Parr","0.00","no","0.00","","","2020-01-21","","a client","","349779971"
"March 6, 2020 11:45 am","March 6, 2020 2:45 pm","Ol","Re","5308450119","osr7@psu.edu","Session 1","Sophie Paolizzi","0.00","no","0.00","","","2019-11-18","","a client","","333482395"
"March 10, 2020 9:00 am","March 10, 2020 12:00 pm","Em","St","5407794441","eds5327@psu.edu","Session 3","Daniel Parr","0.00","no","0.00","","","2020-01-04","","a client","","344740190"
"March 10, 2020 10:00 am","March 10, 2020 1:00 pm","Al","Pr","5702959374","axp1232@psu.edu","Session 1","Begonia Herbert-Ramirez","0.00","no","0.00","","","2020-02-09","","a client","","355591306"
"March 10, 2020 12:00 pm","March 10, 2020 3:00 pm","La","An","8147777111","lra1010@gmail.com","Session 1","Daniel Parr","0.00","no","0.00","","","2020-01-30","","a client","","352833332"
"March 10, 2020 1:00 pm","March 10, 2020 4:00 pm","An","Bo","8147532580","abb6044@psu.edu","Session 3","Begonia Herbert-Ramirez","0.00","no","0.00","","","2020-01-20","","a client","","349611171"
"March 11, 2020 2:00 pm","March 11, 2020 5:00 pm","Co","Mu","2293140837","courtneymurr95@gmail.com","Session 1","Begonia Herbert-Ramirez","0.00","no","0.00","","","2020-01-20","","a client","","349641928"
"March 12, 2020 9:00 am","March 12, 2020 12:00 pm","Al","St","2676388280","ars6370@psu.edu","Session 3","Daniel Parr","0.00","no","0.00","","","2020-01-28","","a client","","352109790"
"March 12, 2020 12:00 pm","March 12, 2020 3:00 pm","Ja","Mi","2672348754","jmm7777@psu.edu","Session 3","Daniel Parr","0.00","no","0.00","","","2020-01-31","","a client","","352985390"
"March 12, 2020 2:00 pm","March 12, 2020 5:00 pm","St","Ka","7187535990","pbl.stephanie@gmail.com","Session 1","Begonia Herbert-Ramirez","0.00","no","0.00","","","2020-02-11","","a client","","356515696"
"March 13, 2020 9:00 am","March 13, 2020 12:00 pm","Lo","Wi","7179173550","22doppler@gmail.com","Session 3","Daniel Parr","0.00","no","0.00","","","2020-02-18","","a client","","358364851"
"March 13, 2020 12:00 pm","March 13, 2020 3:00 pm","Ca","Ro","9084441325","inir23@gmail.com","Session 1","Daniel Parr","0.00","no","0.00","","","2020-01-31","","a client","","352908465"
"March 13, 2020 12:00 pm","March 13, 2020 3:00 pm","Ch","Gr","7183087518","chnsgrgra@aol.com","Session 1","Begonia Herbert-Ramirez","0.00","no","0.00","","","2020-02-13","","a client","","356891759"
"March 17, 2020 9:00 am","March 17, 2020 12:00 pm","Vi","Li","'+17179194372","vcl5036@psu.edu","Session 3","Daniel Parr","0.00","no","0.00","","","2020-02-11","","a client","","356223900"
"March 17, 2020 2:00 pm","March 17, 2020 5:00 pm","Ad","Kn","7178776479","abk5556@psu.edu","Session 1","Daniel Parr","0.00","no","0.00","","","2020-01-30","","a client","","352739641"
"March 18, 2020 10:00 am","March 18, 2020 1:00 pm","Ka","Se","6128681190","katelselleck@gmail.com","Session 3","Daniel Parr","0.00","no","0.00","","","2020-02-17","","a client","","358214382"
"March 18, 2020 2:00 pm","March 18, 2020 5:00 pm","Jo","Ha","4848838726","jxh852@psu.edu","Session 1","Begonia Herbert-Ramirez","0.00","no","0.00","","","2020-02-17","","a client","","358225536"
"March 19, 2020 9:00 am","March 19, 2020 12:00 pm","RO","PR","8148830143","rsp32@psu.edu","Session 1","Daniel Parr","0.00","no","0.00","","","2020-01-27","","a client","","351702386"
"March 19, 2020 2:00 pm","March 19, 2020 5:00 pm","Co","Cu","5703364488","cpc5659@psu.edu","Session 3","Daniel Parr","0.00","no","0.00","","","2020-01-31","","a client","","353091183"
"March 19, 2020 3:30 pm","March 19, 2020 6:30 pm","Br","Bo","6107149130","bdb5288@psu.edu","Session 1","Begonia Herbert-Ramirez","0.00","no","0.00","","","2020-02-18","","a client","","358573819"
"March 20, 2020 9:00 am","March 20, 2020 12:00 pm","Ke","Hy","2678859882","kah6127@psu.edu","Session 3","Daniel Parr","0.00","no","0.00","","","2020-01-29","","a client","","352200642"
"March 24, 2020 10:30 am","March 24, 2020 1:30 pm","Ha","To","4123348187","hannahtorell@gmail.com","Session 1","Daniel Parr","0.00","no","0.00","","","2020-01-31","","a client","","353026008"
"March 25, 2020 9:00 am","March 25, 2020 12:00 pm","Ar","Ro","5186057205","Ajr35@pct.edu","Session 3","Daniel Parr","0.00","no","0.00","","","2020-02-20","","a client","","359064850"
"March 26, 2020 2:00 pm","March 26, 2020 5:00 pm","Am","Pu","4848892305","axm5626@psu.edu","Session 1","Daniel Parr","0.00","no","0.00","","","2020-02-01","","a client","","353375866"
"March 31, 2020 1:00 pm","March 31, 2020 4:00 pm","De","Gr","8145920245","dig5276@psu.edu","Session 1","Daniel Parr","0.00","no","0.00","","","2020-02-04","","a client","","354043871"
"April 1, 2020 9:00 am","April 1, 2020 12:00 pm","Is","Gu","2405053727","img5144@psu.edu","Session 1","Daniel Parr","0.00","no","0.00","","","2020-02-06","","a client","","354838405"
"April 8, 2020 1:30 pm","April 8, 2020 4:30 pm","Sa","Bu","2159339575","sarahxburton18@gmail.com","Session 1","Daniel Parr","0.00","no","0.00","","","2020-02-13","","a client","","357103634"
"April 9, 2020 9:00 am","April 9, 2020 12:00 pm","Ab","Lu","4847535606","apl5348@psu.edu","Session 1","Daniel Parr","0.00","no","0.00","","","2020-02-13","","a client","","357134344"
"April 17, 2020 9:00 am","April 17, 2020 12:00 pm","Sa","Fe","2156960187","skf5190@psu.edu","Session 1","Daniel Parr","0.00","no","0.00","","","2020-02-14","","a client","","357390078"
"May 8, 2020 12:00 pm","May 8, 2020 3:00 pm","ky","ia","8142327924","k.iachini@setonhill.edu","Session 1","Daniel Parr","0.00","no","0.00","","","2020-01-31","","a client","","353035715"
